method,nodes,isolates,edges,self_loops,degree,max_degree,density,distance,max_distance,clustering
GABNI,64.0,0.0,787.1,0.0,24.596875,50.0,0.39042658730158736,2.083699878451207,4.9,0.28830222514681353
MIBNI,64.0,0.0,630.5,36.7,19.703125,50.3,0.3127480158730158,2.5249505146560534,7.2,0.31995448887557576
BestFit,63.9,0.0,184.6,42.8,5.777728174603174,12.4,0.0918570788530466,4.558522825499786,11.0,0.0398523152745623
REVEAL,5.3,0.0,4.7,0.9,1.6445238095238097,3.6,0.47325396825396815,0.9375,1.0,0.0
ATEN,64.0,0.0,223.55555555555554,14.444444444444445,6.986111111111111,15.666666666666666,0.11089065255731922,3.7195411212948475,9.666666666666666,0.06380534148695054
