method,nodes,isolates,edges,self_loops,degree,max_degree,density,distance,max_distance,clustering
GABNI,16.0,0.0,181.8,0.0,22.725,28.5,1.515,1.24025,2.3,0.843771381914096
MIBNI,16.0,0.0,158.4,13.2,19.8,25.6,1.32,1.3608334649815692,2.6,0.6781831944447175
BestFit,15.9,0.0,43.3,14.5,5.4475,8.9,0.36583333333333334,2.7139595592676526,6.5,0.09544543650793649
REVEAL,0.7,0.0,0.6,0.3,0.5599999999999999,0.7,0.04,0.1,0.1,0.0
ATEN,16.0,0.0,37.22222222222222,8.222222222222221,4.652777777777778,9.555555555555555,0.3101851851851852,2.3664944509824277,5.555555555555555,0.13675924448493892
