method,nodes,isolates,edges,self_loops,degree,max_degree,density,distance,max_distance,clustering
GABNI,64.0,0.0,802.1,0.0,25.065625,59.1,0.3978670634920635,1.979221135934641,4.1,0.3202351425216967
MIBNI,64.0,0.0,633.0,39.7,19.78125,58.3,0.3139880952380952,2.3675880017564266,5.7,0.28544743321379756
BestFit,64.0,0.0,186.6,41.8,5.83125,10.8,0.09255952380952381,4.3795798447840095,10.3,0.038120866402116406
REVEAL,3.9,0.0,3.7,0.7,1.7,3.5,0.7166666666666667,0.9,0.9,0.010256410256410256
ATEN,64.0,0.0,198.7,18.0,6.209375,14.5,0.09856150793650793,3.967909789258749,10.3,0.05422986273228934
