method,nodes,isolates,edges,self_loops,degree,max_degree,density,distance,max_distance,clustering
GABNI,32.0,0.0,332.9,0.0,20.80625,40.2,0.6711693548387097,1.7566239594172735,3.4,0.45705670303606727
MIBNI,32.0,0.0,317.4,20.2,19.8375,37.5,0.6399193548387097,1.8449234475641898,4.4,0.4096798536638267
BestFit,31.9,0.0,89.4,24.7,5.604637096774193,9.0,0.18138440860215052,4.2059466873872555,11.1,0.06243974281020652
REVEAL,2.0,0.0,2.0,0.4,0.6766666666666665,1.2,0.21222222222222223,0.41,0.5,0.005
ATEN,32.0,0.0,83.9,11.7,5.24375,12.4,0.1691532258064516,3.3422200086770806,8.1,0.08942965334074623
