method,nodes,isolates,edges,self_loops,degree,max_degree,density,distance,max_distance,clustering
GABNI,32.0,0.0,459.9,0.0,28.74375,46.4,0.9272177419354838,1.5957401144641001,3.7,0.6000155125491402
MIBNI,32.0,0.0,318.2,22.7,19.8875,37.7,0.6415322580645162,1.8401262386050654,4.6,0.4387534278702245
BestFit,32.0,0.0,91.7,25.9,5.73125,10.5,0.1848790322580645,3.781811794966621,9.7,0.042386664261664264
REVEAL,0.0,0.0,0.0,0.0,0.0,0.0,0.0,0.0,0.0,0.0
ATEN,32.0,0.0,93.0,11.3,5.8125,12.6,0.1875,3.3999223199773523,8.4,0.09003345393462461
