method,nodes,isolates,edges,self_loops,degree,max_degree,density,distance,max_distance,clustering
GABNI,64.0,0.0,809.9,0.0,25.309375,47.1,0.40173611111111107,2.0845902826825933,4.8,0.27641457324037194
MIBNI,64.0,0.0,637.5,28.4,19.921875,54.6,0.316220238095238,2.1537677487860942,5.7,0.26524655122417284
BestFit,63.8,0.0,188.3,39.9,5.902926587301588,11.9,0.09400121607782899,4.535577399819621,11.3,0.03435287178466742
REVEAL,0.8,0.0,0.6,0.0,0.3,0.6,0.1,0.2,0.2,0.0
ATEN,64.0,0.0,192.7,15.7,6.021875,15.4,0.09558531746031747,3.979039913487457,9.5,0.05466548050992327
