method,nodes,isolates,edges,self_loops,degree,max_degree,density,distance,max_distance,clustering
GABNI,28.8,0.0,309.9,0.0,19.36875,34.4,0.6247983870967742,1.6598369753728754,4.5,0.4691823710239874
MIBNI,32.0,0.0,289.7,19.4,18.10625,34.4,0.5840725806451613,1.8521322773581286,5.1,0.3904339721130252
BestFit,31.8,0.0,81.0,18.6,5.094556451612903,10.1,0.16544354838709677,3.549451122876789,9.2,0.06282825232597831
REVEAL,7.7,0.0,7.4,0.9,1.7507936507936506,3.6,0.24054834054834054,1.0959595959595958,1.8,0.0
ATEN,32.0,0.0,85.1,8.8,5.31875,11.3,0.1715725806451613,3.3566867093518704,8.4,0.09236317195892906
