method,nodes,isolates,edges,self_loops,degree,max_degree,density,distance,max_distance,clustering
GABNI,64.0,0.0,942.2,0.0,29.44375,65.6,0.46736111111111106,1.8953688083656401,3.9,0.33371990780849864
MIBNI,64.0,0.0,638.4,29.6,19.95,51.0,0.3166666666666666,2.187394139130684,5.2,0.22540194631875893
BestFit,64.0,0.0,190.9,49.8,5.965625,11.8,0.09469246031746031,4.562690861237144,10.9,0.03297254539442039
REVEAL,0.3,0.0,0.2,0.0,0.13333333333333333,0.2,0.06666666666666667,0.1,0.1,0.0
ATEN,64.0,0.0,195.6,18.5,6.1125,15.0,0.09702380952380951,4.034183283629071,10.8,0.06076661765946504
