method,nodes,isolates,edges,self_loops,degree,max_degree,density,distance,max_distance,clustering
GABNI,16.0,0.0,120.8,0.0,15.1,22.1,1.0066666666666668,1.52575,3.0,0.5967236319086091
MIBNI,16.0,0.0,158.2,13.7,19.775,25.6,1.3183333333333334,1.3654538282237778,2.8,0.6783686102917167
BestFit,15.8,0.0,39.2,12.3,4.964166666666666,7.6,0.3358333333333334,2.9161974294636903,7.2,0.07633878968253968
REVEAL,2.9,0.0,3.0,1.0,1.64,3.2,0.7,0.8,0.8,0.0
ATEN,16.0,0.0,41.0,7.5,5.125,9.0,0.3416666666666666,2.2119168040011887,5.2,0.17171491228070174
