method,nodes,isolates,edges,self_loops,degree,max_degree,density,distance,max_distance,clustering
GABNI,32.0,0.0,449.2,0.0,28.075,45.4,0.9056451612903226,1.621744927159209,3.6,0.6123842767587092
MIBNI,32.0,0.0,318.8,21.6,19.925,38.6,0.642741935483871,1.8286061048747388,4.1,0.4414543831859189
BestFit,32.0,0.0,92.7,19.0,5.79375,11.7,0.1868951612903226,3.5782696834445544,9.0,0.05531709898897399
REVEAL,0.4,0.0,0.3,0.0,0.15,0.3,0.05,0.1,0.1,0.0
ATEN,32.0,0.0,93.55555555555556,9.222222222222221,5.847222222222222,12.88888888888889,0.18862007168458783,3.315994948546741,8.333333333333334,0.11690605506058402
