method,nodes,isolates,edges,self_loops,degree,max_degree,density,distance,max_distance,clustering
GABNI,64.0,0.0,866.2,0.0,27.06875,43.4,0.42966269841269844,1.9609399781106673,4.2,0.2503037553403985
MIBNI,64.0,0.0,638.5,29.0,19.953125,59.6,0.31671626984126977,2.34078012760189,6.3,0.35390390873794664
BestFit,64.0,0.0,188.7,39.9,5.896875,13.2,0.09360119047619048,4.674203115279866,12.5,0.035486185527973314
REVEAL,1.4,0.0,1.1,0.1,0.45476190476190476,0.9,0.14523809523809522,0.3,0.3,0.0
ATEN,64.0,0.0,211.7,11.3,6.615625,15.7,0.10500992063492065,3.6479143037065063,8.7,0.06435515527069394
