method,nodes,isolates,edges,self_loops,degree,max_degree,density,distance,max_distance,clustering
GABNI,16.0,0.0,187.4,0.0,23.425,27.8,1.5616666666666665,1.2200277777777777,2.3,0.8516141745359054
MIBNI,16.0,0.0,158.2,14.2,19.775,25.8,1.3183333333333331,1.4286388888888888,3.0,0.6966768966883873
BestFit,16.0,0.0,41.1,13.0,5.1375,9.5,0.3425,2.1663686656624184,4.9,0.10340029761904761
REVEAL,0.2,0.0,0.1,0.0,0.1,0.1,0.0,0.1,0.1,0.0
ATEN,16.0,0.0,48.1,9.0,6.0125,11.0,0.40083333333333326,2.2738367855088635,5.5,0.19575426091394502
