method,nodes,isolates,edges,self_loops,degree,max_degree,density,distance,max_distance,clustering
GABNI,32.0,0.0,414.7,0.0,25.91875,41.5,0.8360887096774194,1.6759690426638918,3.8,0.5627036195291504
MIBNI,32.0,0.0,318.5,17.2,19.90625,40.5,0.6421370967741936,1.9311503916072739,5.0,0.49216646042913564
BestFit,32.0,0.0,90.8,21.3,5.675,10.1,0.18306451612903224,3.966835065626377,10.6,0.08098555073738897
REVEAL,0.7,0.0,0.5,0.0,0.2833333333333333,0.5,0.11666666666666665,0.2,0.2,0.0
ATEN,32.0,0.0,90.3,9.8,5.64375,11.8,0.18205645161290324,3.3381806580823836,8.6,0.09259003667191028
