method,nodes,isolates,edges,self_loops,degree,max_degree,density,distance,max_distance,clustering
GABNI,16.0,0.0,96.8,0.0,12.1,19.5,0.8066666666666666,1.7743333333333335,4.0,0.5131038934110245
MIBNI,16.0,0.0,159.1,13.6,19.8875,25.9,1.3258333333333332,1.4152222222222222,2.9,0.6866893647026
BestFit,15.9,0.0,42.4,13.3,5.3341666666666665,8.5,0.3582142857142857,2.3937810536335293,5.6,0.0981757097069597
REVEAL,1.3,0.0,1.1,0.5,1.05,1.4,0.11666666666666665,0.3,0.3,0.0
ATEN,16.0,0.0,38.7,8.7,4.8375,9.1,0.32250000000000006,2.431199134904849,5.7,0.14552593846451367
