method,nodes,isolates,edges,self_loops,degree,max_degree,density,distance,max_distance,clustering
GABNI,64.0,0.0,839.8,0.0,26.24375,44.6,0.4165674603174603,2.0232132316785734,4.5,0.2550449240772527
MIBNI,64.0,0.0,638.2,28.2,19.94375,63.0,0.3165674603174603,2.336977975334242,6.6,0.37403774255128014
BestFit,63.9,0.0,188.1,37.8,5.88735119047619,15.1,0.09360119047619048,4.435351048665934,10.3,0.03272280114049634
REVEAL,0.4,0.0,0.3,0.0,0.15,0.3,0.05,0.1,0.1,0.0
ATEN,64.0,0.0,194.4,11.3,6.075,14.8,0.09642857142857143,3.8206854991525865,9.5,0.059524000587208734
