method,nodes,isolates,edges,self_loops,degree,max_degree,density,distance,max_distance,clustering
GABNI,16.0,0.0,119.1,0.0,14.8875,22.3,0.9924999999999999,1.52875,3.0,0.5784535884699991
MIBNI,16.0,0.0,159.3,11.6,19.9125,25.9,1.3275000000000001,1.3630515873015872,2.7,0.6837081439189696
BestFit,16.0,0.0,44.4,11.4,5.55,8.8,0.37,2.9862148263598685,7.1,0.11869284589679327
REVEAL,1.4,0.0,1.2,0.1,0.5214285714285715,1.0,0.17857142857142855,0.3,0.3,0.0
ATEN,16.0,0.0,38.1,9.3,4.7625,8.7,0.31750000000000006,2.4213467525088292,5.4,0.1356295172907015
