method,nodes,isolates,edges,self_loops,degree,max_degree,density,distance,max_distance,clustering
GABNI,16.0,0.0,142.9,0.0,17.8625,24.3,1.1908333333333334,1.4099444444444444,2.9,0.6889937058964138
MIBNI,16.0,0.0,159.1,12.8,19.8875,25.4,1.3258333333333332,1.3946944444444445,2.4,0.6354871160559938
BestFit,15.9,0.0,45.9,15.2,5.773333333333333,9.4,0.3876190476190476,2.81368962387704,6.5,0.11921999407246502
REVEAL,2.5,0.0,2.5,0.9,1.8,3.2,0.8,0.8,0.8,0.0
ATEN,16.0,0.0,35.6,8.6,4.45,8.0,0.29666666666666663,2.269640882680084,5.2,0.11607672412996084
