method,nodes,isolates,edges,self_loops,degree,max_degree,density,distance,max_distance,clustering
GABNI,32.0,0.0,399.3,0.0,24.95625,41.4,0.8050403225806452,1.7163211139617498,4.1,0.5869485558043979
MIBNI,32.0,0.0,308.3,21.2,19.26875,34.7,0.6215725806451613,1.874390307210104,4.9,0.4261178591264209
BestFit,31.9,0.0,91.3,23.4,5.724193548387097,10.4,0.18526881720430105,3.582597892898922,9.0,0.04778754331505287
REVEAL,2.7,0.0,1.8,0.0,1.2,1.8,0.6,0.9,0.9,0.0
ATEN,32.0,0.0,94.0,9.9,5.875,11.8,0.18951612903225806,3.366937267969373,8.5,0.08643995929243023
