method,nodes,isolates,edges,self_loops,degree,max_degree,density,distance,max_distance,clustering
GABNI,64.0,0.0,795.4,0.0,24.85625,63.7,0.39454365079365084,2.0457403256428135,4.7,0.3447134107622555
MIBNI,64.0,0.0,625.2,39.5,19.5375,45.4,0.3101190476190476,2.265545585093312,5.0,0.2286927796534392
BestFit,63.7,0.0,181.8,44.5,5.708234126984127,10.7,0.09104902713773681,4.61204449978437,11.1,0.03792971915925785
REVEAL,8.2,0.0,6.1,0.0,1.4789710289710292,2.9,0.24487512487512492,1.0,1.0,0.0
ATEN,64.0,0.0,189.11111111111111,18.333333333333332,5.909722222222222,13.666666666666666,0.09380511463844797,4.195114949132421,11.0,0.0488618787485209
