method,nodes,isolates,edges,self_loops,degree,max_degree,density,distance,max_distance,clustering
GABNI,64.0,0.0,908.6,0.0,28.39375,58.3,0.45069444444444445,1.9834134781451407,4.2,0.3329593296316145
MIBNI,64.0,0.0,629.4,37.4,19.66875,54.6,0.31220238095238095,2.3506774174264344,5.6,0.2893017289411967
BestFit,63.9,0.0,185.7,44.0,5.812251984126984,11.1,0.09240751408090117,4.544178733312206,11.5,0.04583947020516961
REVEAL,3.6,0.0,2.5,0.1,1.2333333333333334,2.0,0.4866666666666667,0.9,0.9,0.0
ATEN,64.0,0.0,190.1,18.9,5.940625,14.6,0.09429563492063492,4.039443307755759,10.5,0.04898180671962841
