method,nodes,isolates,edges,self_loops,degree,max_degree,density,distance,max_distance,clustering
GABNI,64.0,0.0,801.7,0.0,25.053125,50.3,0.39766865079365077,2.0960263978124045,5.0,0.3085427214480357
MIBNI,64.0,0.0,627.7,36.1,19.615625,49.4,0.311359126984127,2.330586936146906,6.2,0.2684014794555797
BestFit,63.9,0.0,184.9,42.0,5.787251984126984,11.3,0.09201068868407579,4.480525693168983,10.7,0.04118001340223562
REVEAL,4.2,0.0,2.9,0.0,1.2190476190476192,2.0,0.5014652014652015,0.9,0.9,0.0
ATEN,64.0,0.0,173.9,14.9,5.434375,13.0,0.08625992063492063,4.287118698906062,11.2,0.045911807969730385
