method,nodes,isolates,edges,self_loops,degree,max_degree,density,distance,max_distance,clustering
GABNI,64.0,0.0,866.5,0.0,27.078125,50.5,0.4298115079365079,2.01288545188724,4.5,0.290311810217717
MIBNI,64.0,0.0,623.3,32.9,19.478125,51.5,0.3091765873015873,2.3318141095949563,5.8,0.2548912075975377
BestFit,63.9,0.0,187.9,44.8,5.880952380952381,13.1,0.09349718381976446,4.65927058943958,11.1,0.03890841817739139
REVEAL,6.8,0.0,5.1,0.0,1.4904761904761905,2.9,0.3,1.0,1.0,0.0
ATEN,64.0,0.0,199.8,16.7,6.24375,13.8,0.09910714285714285,3.805373520853702,9.3,0.05496360989672172
