method,nodes,isolates,edges,self_loops,degree,max_degree,density,distance,max_distance,clustering
GABNI,32.0,0.0,488.9,0.0,30.55625,45.9,0.9856854838709677,1.535383064516129,3.2,0.6246859461328355
MIBNI,32.0,0.0,320.0,17.7,20.0,36.5,0.6451612903225807,1.7754867125148777,4.0,0.41809067880913586
BestFit,31.9,0.0,93.2,22.0,5.843548387096774,10.2,0.18913978494623654,3.5392839015304793,9.3,0.06937617502796832
REVEAL,0.0,0.0,0.0,0.0,0.0,0.0,0.0,0.0,0.0,0.0
ATEN,32.0,0.0,88.6,12.1,5.5375,11.2,0.1786290322580645,3.435689634464475,8.6,0.07183807335173188
