method,nodes,isolates,edges,self_loops,degree,max_degree,density,distance,max_distance,clustering
GABNI,32.0,0.0,447.2,0.0,27.95,39.9,0.9016129032258065,1.6224948138339446,3.9,0.5300227084320209
MIBNI,32.0,0.0,318.2,17.3,19.8875,41.1,0.6415322580645161,2.2027316204787306,6.4,0.49162481170917943
BestFit,31.9,0.0,93.8,22.4,5.881048387096774,9.9,0.19034946236559142,3.74433179023636,9.8,0.0746923176902485
REVEAL,0.2,0.0,0.1,0.0,0.1,0.1,0.0,0.1,0.1,0.0
ATEN,32.0,0.0,95.6,8.9,5.975,11.7,0.19274193548387097,3.307326597647709,8.5,0.08513746603090647
