method,nodes,isolates,edges,self_loops,degree,max_degree,density,distance,max_distance,clustering
GABNI,16.0,0.0,145.3,0.0,18.1625,24.5,1.2108333333333332,1.4081944444444443,3.0,0.6930969000581662
MIBNI,16.0,0.0,158.2,12.6,19.775,25.8,1.3183333333333334,1.3849044233807266,3.0,0.6958177551104084
BestFit,15.9,0.0,41.2,14.6,5.183333333333333,8.3,0.3480952380952381,2.250800570549771,5.4,0.09344154657477026
REVEAL,1.1,0.0,1.1,0.8,1.6,1.9,0.1,0.2,0.2,0.0
ATEN,16.0,0.0,38.0,8.125,4.75,9.125,0.31666666666666665,2.319696008270412,5.625,0.11972176023187053
