method,nodes,isolates,edges,self_loops,degree,max_degree,density,distance,max_distance,clustering
GABNI,16.0,0.0,108.5,0.0,13.5625,20.0,0.9041666666666666,1.6337222222222223,3.5,0.5412200063317115
MIBNI,16.0,0.0,159.1,13.0,19.8875,25.8,1.3258333333333332,1.3893829560381694,3.0,0.6886981755892376
BestFit,15.9,0.0,42.6,14.3,5.3575,8.4,0.35964285714285715,2.843574683499427,6.6,0.09954761458489528
REVEAL,1.7,0.0,1.8,1.0,1.2666666666666666,1.9,0.4,0.6,0.6,0.0
ATEN,16.0,0.0,41.8,6.4,5.225,9.0,0.34833333333333333,2.477449420449362,5.8,0.14164391894655054
