method,nodes,isolates,edges,self_loops,degree,max_degree,density,distance,max_distance,clustering
GABNI,32.0,0.0,443.8,0.0,27.7375,41.2,0.894758064516129,1.6134065209850852,3.7,0.5620360753602112
MIBNI,32.0,0.0,316.4,21.5,19.775,40.1,0.6379032258064516,1.8204704865805923,4.9,0.4850722811990079
BestFit,31.9,0.0,87.2,22.9,5.467338709677419,9.8,0.17696236559139786,3.446435325315838,9.1,0.061058467741935483
REVEAL,0.0,0.0,0.0,0.0,0.0,0.0,0.0,0.0,0.0,0.0
ATEN,32.0,0.0,95.9,8.2,5.99375,13.8,0.19334677419354837,3.1998309466545733,7.8,0.09739900047570775
