method,nodes,isolates,edges,self_loops,degree,max_degree,density,distance,max_distance,clustering
GABNI,32.0,0.0,426.8,0.0,26.675,43.0,0.860483870967742,1.6172834287200832,3.5,0.6042521355152661
MIBNI,32.0,0.0,317.5,20.1,19.84375,38.4,0.6401209677419356,1.8247115207206182,4.1,0.3794975109743456
BestFit,31.9,0.0,90.3,21.3,5.661895161290323,10.5,0.18326612903225808,3.7574281082953247,9.1,0.06500744028969838
REVEAL,0.3,0.0,0.2,0.0,0.13333333333333333,0.2,0.06666666666666667,0.1,0.1,0.0
ATEN,32.0,0.0,88.2,10.4,5.5125,12.7,0.1778225806451613,3.3165934915468434,8.2,0.10197847174036397
