method,nodes,isolates,edges,self_loops,degree,max_degree,density,distance,max_distance,clustering
GABNI,16.0,0.0,131.1,0.0,16.3875,25.2,1.0925,1.4579444444444445,2.6,0.6065835451945698
MIBNI,16.0,0.0,159.1,13.8,19.8875,25.7,1.3258333333333332,1.5015277777777778,3.8,0.6726571279606656
BestFit,15.9,0.0,42.9,14.8,5.3966666666666665,7.7,0.36238095238095236,3.124780847681172,7.6,0.07549481476126214
REVEAL,1.7,0.0,1.7,0.9,1.8,2.6,0.0,0.8,0.8,0.0
ATEN,16.0,0.0,36.7,8.2,4.5875,8.8,0.3058333333333333,2.33578469655278,5.6,0.11182092451393921
