method,nodes,isolates,edges,self_loops,degree,max_degree,density,distance,max_distance,clustering
GABNI,16.0,0.0,192.5,0.0,24.0625,29.1,1.6041666666666667,1.1944166666666667,2.2,0.8683189899666189
MIBNI,16.0,0.0,158.2,12.5,19.775,25.8,1.3183333333333334,1.3936666666666666,2.7,0.6402505993133677
BestFit,15.8,0.0,41.8,14.3,5.293333333333334,8.0,0.35809523809523813,2.7587394598804638,6.1,0.11449722730972733
REVEAL,0.1,0.0,0.1,0.1,0.2,0.2,0.0,0.0,0.0,0.0
ATEN,16.0,0.0,39.77777777777778,8.222222222222221,4.972222222222222,9.666666666666666,0.33148148148148143,2.4665990608429045,6.0,0.15399759917601274
